name,address,city,state,zip,lat,lng,phone,website
Bookworm of Edwards,,Edwards,Colorado,,39.6447,-106.5945,,
Wishes the Toy Store,,Avon,Colorado,,39.6314,-106.5222,,
Marley & Moose,,Berthoud,Colorado,,40.3083,-105.0811,,
Chautauqua General Store,,Boulder,Colorado,,40.0007,-105.2810,,
Clothes Pony & Dandelion Toys,,Fort Collins,Colorado,,40.5853,-105.0844,,
REI,,Boulder,Colorado,,40.0172,-105.2592,,
REI,,Grand Junction,Colorado,,39.0639,-108.5506,,
Composition Shop,,Longmont,Colorado,,40.1672,-105.1019,,
Young Explorers Shop + Play Space,,Erie,Colorado,,40.0508,-105.0500,,
Sunflower Farm Store,,Longmont,Colorado,,40.1575,-105.1186,,
Sudden Fiction,,Castle Rock,Colorado,,39.3722,-104.8561,,
Kaleidoscope Toys,,Salida,Colorado,,38.5347,-106.0000,,
Once Upon a Trapeze Bookstore,,Buena Vista,Colorado,,38.8422,-106.1311,,
Stork & Bear Company,,Frisco,Colorado,,39.5744,-106.0975,,
O' Toys,,Ouray,Colorado,,38.0228,-107.6714,,
REI,,Dillon,Colorado,,39.6311,-106.0436,,
REI,,Glenwood Springs,Colorado,,39.5506,-107.3248,,
Peak a Boo Toys,,Breckenridge,Colorado,,39.4817,-106.0384,,
REI,,Fort Collins,Colorado,,40.5561,-105.0780,,
REI,,Loveland,Colorado,,40.3978,-105.0750,,
Townie Books,,Crested Butte,Colorado,,38.8697,-106.9878,,
Explore Books,,Aspen,Colorado,,39.1911,-106.8175,,
Sofi Stella,,Monroe,Michigan,,41.9164,-83.3977,,
Mudpuddles,,Ann Arbor,Michigan,,42.2808,-83.7430,,
DNR Outdoor Adventure Center,,Detroit,Michigan,,42.3289,-83.0519,,
Minnesota State Park - Lake Itasca,,Park Rapids,Minnesota,,47.2288,-95.2083,,
Tootsie Too's,,Red Wing,Minnesota,,44.5625,-92.5338,,
Duluth Pack,,Duluth,Minnesota,,46.7867,-92.1005,,
Red Balloon Bookshop,,St. Paul,Minnesota,,44.9397,-93.1365,,
Runamuck Workshop,,Faribault,Minnesota,,44.2950,-93.2688,,
Bohemian Baby,,Asheville,North Carolina,,35.5946,-82.5540,,
Malaprop's Bookstore,,Asheville,North Carolina,,35.5943,-82.5530,,
The Littlest Birdies,,Asheville,North Carolina,,35.5870,-82.5660,,
Delighted,,Asheville,North Carolina,,35.5960,-82.5550,,
Signs for Hope - Global Marketplace,,Fairview,North Carolina,,35.5143,-82.3968,,
Montreat Store,,Montreat,North Carolina,,35.6451,-82.3068,,
FireLight Book & Candle,,Blowing Rock,North Carolina,,36.1351,-81.6776,,
Second Gear,,Asheville,North Carolina,,35.5900,-82.5670,,
REI,,Asheville,North Carolina,,35.5680,-82.5328,,
Asheville Botanical Garden,,Asheville,North Carolina,,35.6073,-82.5373,,
MTN Merch,,Asheville,North Carolina,,35.5951,-82.5515,,
Barnes & Noble,,Asheville,North Carolina,,35.5785,-82.5077,,
Hendersonville Toy Company,,Hendersonville,North Carolina,,35.3187,-82.4612,,
Ecusta Market & Cafe,,Hendersonville,North Carolina,,35.3232,-82.4610,,
Next Venture Outdoors,,Brevard,North Carolina,,35.2334,-82.7343,,
DD Bullwinkel's,,Brevard,North Carolina,,35.2334,-82.7310,,
Cradle of the Forestry,,Pisgah Forest,North Carolina,,35.3437,-82.7560,,
Pisgah Ranger Station/Visitor Center,,Pisgah Forest,North Carolina,,35.2780,-82.7297,,
Asheville Emporium,,Asheville,North Carolina,,35.5940,-82.5520,,
Sunrift Adventures,,Travelers Rest,South Carolina,,34.9676,-82.4393,,
Back of Beyond Book Store,,Moab,Utah,,38.5733,-109.5498,,
Gearheads Outdoor Store,,Moab,Utah,,38.5725,-109.5505,,
Dungeness Kids Co,,Sequim,Washington,,48.0795,-123.1015,,
